stair.thisTrialN,stair.stepSize,stair.intensity,thisRow.t,notes,piloting,trial.started,fixation.started,grating.started,key_resp.started,fixation.stopped,grating.stopped,trial.stopped,corrAns,tilt,key_resp.corr,stair.response,key_resp.rt,participant,session,date,expName,expVersion,psychopyVersion,frameRate,expStart,
0,2,10,0.016006500460207462,,False,0.009766600094735622,0.016006500460207462,0.5166049003601074,0.5166049003601074,0.5258715003728867,0.8092895997688174,2.4511876003816724,right,10,1,1,1.8956083003431559,310387,001,2026-10-03_23h26.52.674,adaptive_staircase1,,2026.2.4,120.12286131153775,2026-10-03 23h26.52.704802 +0530,
1,2,8,2.456848000176251,,,2.451446400023997,2.456848000176251,2.941674499772489,2.941674499772489,2.9505826998502016,3.2342434003949165,4.717735700309277,right,8,1,1,1.7692863000556827,310387,001,2026-10-03_23h26.52.674,adaptive_staircase1,,2026.2.4,120.12286131153775,2026-10-03 23h26.52.704802 +0530,
2,2,6,4.724816200323403,,,4.71800750028342,4.724816200323403,5.209183099679649,5.209183099679649,5.217778000049293,5.500540399923921,5.5684860004112124,right,6,1,1,0.3558531003072858,310387,001,2026-10-03_23h26.52.674,adaptive_staircase1,,2026.2.4,120.12286131153775,2026-10-03 23h26.52.704802 +0530,
3,1,4,5.574737200513482,,,5.56883960030973,5.574737200513482,6.067351999692619,6.067351999692619,6.067351999692619,6.359326699748635,6.442232999950647,right,-4,0,0,0.36938950046896935,310387,001,2026-10-03_23h26.52.674,adaptive_staircase1,,2026.2.4,120.12286131153775,2026-10-03 23h26.52.704802 +0530,
4,1,5,6.449945100583136,,,6.442482200451195,6.449945100583136,6.933584400452673,6.933584400452673,6.941811599768698,,7.201559499837458,right,-5,1,1,0.2666039001196623,310387,001,2026-10-03_23h26.52.674,adaptive_staircase1,,2026.2.4,120.12286131153775,2026-10-03 23h26.52.704802 +0530,
5,1,5,7.208492800593376,,,7.201835500076413,7.208492800593376,7.700426300056279,7.700426300056279,7.700426300056279,7.992530000396073,8.312167599797249,right,5,0,0,0.6083125993609428,310387,001,2026-10-03_23h26.52.674,adaptive_staircase1,,2026.2.4,120.12286131153775,2026-10-03 23h26.52.704802 +0530,
6,1,6,8.323653800413013,,,8.312454000115395,8.323653800413013,8.808750700205564,8.808750700205564,8.817764000035822,9.100263400003314,9.308883200399578,right,6,1,1,0.496119000017643,310387,001,2026-10-03_23h26.52.674,adaptive_staircase1,,2026.2.4,120.12286131153775,2026-10-03 23h26.52.704802 +0530,
7,1,6,9.31665309984237,,,9.30913669988513,9.31665309984237,9.800526199862361,9.800526199862361,9.808626299723983,10.093020000495017,10.26663520000875,right,-6,0,0,0.4525892995297909,310387,001,2026-10-03_23h26.52.674,adaptive_staircase1,,2026.2.4,120.12286131153775,2026-10-03 23h26.52.704802 +0530,
8,1,7,10.275624199770391,,,10.267012200318277,10.275624199770391,10.758388600312173,10.758388600312173,10.7675413005054,11.050720700062811,11.075052300468087,right,7,1,1,0.31174369994550943,310387,001,2026-10-03_23h26.52.674,adaptive_staircase1,,2026.2.4,120.12286131153775,2026-10-03 23h26.52.704802 +0530,
9,1,7,11.083928800188005,,,11.07529260031879,11.083928800188005,11.566843800246716,11.566843800246716,11.575563800521195,11.859315600246191,12.0924316002056,right,7,1,1,0.5171995991840959,310387,001,2026-10-03_23h26.52.674,adaptive_staircase1,,2026.2.4,120.12286131153775,2026-10-03 23h26.52.704802 +0530,
10,1,7,12.100242500193417,,,12.092707300558686,12.100242500193417,12.583871999755502,12.583871999755502,12.59209579974413,12.876167500391603,12.92538130003959,right,7,1,1,0.33629530016332865,310387,001,2026-10-03_23h26.52.674,adaptive_staircase1,,2026.2.4,120.12286131153775,2026-10-03 23h26.52.704802 +0530,
11,0.5,6,12.933106600306928,,,12.925655100494623,12.933106600306928,13.4172195000574,13.4172195000574,13.425697200000286,13.710552800446749,13.876464700326324,right,-6,0,0,0.4557301998138428,310387,001,2026-10-03_23h26.52.674,adaptive_staircase1,,2026.2.4,120.12286131153775,2026-10-03 23h26.52.704802 +0530,
12,0.5,6.5,13.883226100355387,,,13.876799600198865,13.883226100355387,14.375267900526524,14.375267900526524,14.375267900526524,,14.643002100288868,right,6.5,1,1,0.2621924001723528,310387,001,2026-10-03_23h26.52.674,adaptive_staircase1,,2026.2.4,120.12286131153775,2026-10-03 23h26.52.704802 +0530,
13,0.5,6.5,14.649711400270462,,,14.643288699910045,14.649711400270462,15.133853199891746,15.133853199891746,15.142218000255525,15.425717900507152,15.68633840046823,right,6.5,1,1,0.5487146005034447,310387,001,2026-10-03_23h26.52.674,adaptive_staircase1,,2026.2.4,120.12286131153775,2026-10-03 23h26.52.704802 +0530,
14,0.5,6.5,15.699120200239122,,,15.686667799949646,15.699120200239122,16.18410690035671,16.18410690035671,16.192204600200057,16.475493600592017,16.63328820001334,right,-6.5,0,0,0.4446016997098923,310387,001,2026-10-03_23h26.52.674,adaptive_staircase1,,2026.2.4,120.12286131153775,2026-10-03 23h26.52.704802 +0530,
15,0.5,7.0,16.641589500010014,,,16.633527900092304,16.641589500010014,17.124862699769437,17.124862699769437,17.133218999952078,,17.393622799776495,right,-7.0,1,1,0.26684810034930706,310387,001,2026-10-03_23h26.52.674,adaptive_staircase1,,2026.2.4,120.12286131153775,2026-10-03 23h26.52.704802 +0530,
16,0.5,7.0,17.399803400039673,,,17.3939019003883,17.399803400039673,17.891870399937034,17.891870399937034,17.891870399937034,18.183267300017178,18.392531299963593,right,-7.0,0,0,0.49342789966613054,310387,001,2026-10-03_23h26.52.674,adaptive_staircase1,,2026.2.4,120.12286131153775,2026-10-03 23h26.52.704802 +0530,
17,0.5,7.5,18.399495700374246,,,18.392874600365758,18.399495700374246,18.88359529990703,18.88359529990703,18.892326300032437,,19.118243199773133,right,7.5,1,1,0.23051859997212887,310387,001,2026-10-03_23h26.52.674,adaptive_staircase1,,2026.2.4,120.12286131153775,2026-10-03 23h26.52.704802 +0530,
18,0.5,7.5,19.124801999889314,,,19.118557100184262,19.124801999889314,19.615645700134337,19.615645700134337,19.615645700134337,19.909356799907982,20.000403099693358,right,-7.5,0,0,0.38098510075360537,310387,001,2026-10-03_23h26.52.674,adaptive_staircase1,,2026.2.4,120.12286131153775,2026-10-03 23h26.52.704802 +0530,
19,0.5,8.0,20.008223400451243,,,20.000740400515497,20.008223400451243,20.491394800134003,20.491394800134003,20.500577200204134,,20.733781799674034,right,-8.0,1,1,0.23699340038001537,310387,001,2026-10-03_23h26.52.674,adaptive_staircase1,,2026.2.4,120.12286131153775,2026-10-03 23h26.52.704802 +0530,
20,0.5,8.0,20.742316599935293,,,20.73406570032239,20.742316599935293,21.225119300186634,21.225119300186634,21.23337490018457,21.516311599873006,21.726342299953103,right,8.0,1,1,0.49768339935690165,310387,001,2026-10-03_23h26.52.674,adaptive_staircase1,,2026.2.4,120.12286131153775,2026-10-03 23h26.52.704802 +0530,
21,0.5,8.0,21.732826000079513,,,21.726684300228953,21.732826000079513,22.225404599681497,22.225404599681497,22.225404599681497,22.51716439984739,22.575693800114095,right,-8.0,0,0,0.3476061001420021,310387,001,2026-10-03_23h26.52.674,adaptive_staircase1,,2026.2.4,120.12286131153775,2026-10-03 23h26.52.704802 +0530,
22,0.5,8.5,22.582821800373495,,,22.5759829999879,22.582821800373495,23.066690100356936,23.066690100356936,23.07539870031178,23.358652399852872,23.3769669001922,right,8.5,1,1,0.3066635001450777,310387,001,2026-10-03_23h26.52.674,adaptive_staircase1,,2026.2.4,120.12286131153775,2026-10-03 23h26.52.704802 +0530,
23,0.5,8.5,23.38255439978093,,,23.377224000170827,23.38255439978093,23.87582049984485,23.87582049984485,23.87582049984485,24.167482200078666,24.28351590037346,right,8.5,1,1,0.4020640002563596,310387,001,2026-10-03_23h26.52.674,adaptive_staircase1,,2026.2.4,120.12286131153775,2026-10-03 23h26.52.704802 +0530,
24,0.5,8.5,24.291219900362194,,,24.28377400059253,24.291219900362194,24.77565070055425,24.77565070055425,24.78334590047598,25.066407799720764,25.109970999881625,right,-8.5,0,0,0.3300191005691886,310387,001,2026-10-03_23h26.52.674,adaptive_staircase1,,2026.2.4,120.12286131153775,2026-10-03 23h26.52.704802 +0530,
25,0.5,9.0,25.124279600568116,,,25.110364500433207,25.124279600568116,25.607908200472593,25.607908200472593,25.61661730054766,25.900698800571263,25.92014539986849,right,-9.0,1,1,0.309327800758183,310387,001,2026-10-03_23h26.52.674,adaptive_staircase1,,2026.2.4,120.12286131153775,2026-10-03 23h26.52.704802 +0530,
26,0.5,9.0,25.93213369976729,,,25.920379700139165,25.93213369976729,26.416776900179684,26.416776900179684,26.425723999738693,,26.694280999712646,right,9.0,1,1,0.27526170015335083,310387,001,2026-10-03_23h26.52.674,adaptive_staircase1,,2026.2.4,120.12286131153775,2026-10-03 23h26.52.704802 +0530,
27,0.5,9.0,26.707011899910867,,,26.694511599838734,26.707011899910867,27.191334700211883,27.191334700211883,27.200191100127995,27.48362009972334,27.59975829999894,right,9.0,1,1,0.3944237995892763,310387,001,2026-10-03_23h26.52.674,adaptive_staircase1,,2026.2.4,120.12286131153775,2026-10-03 23h26.52.704802 +0530,
28,0.5,8.5,27.607905900105834,,,27.600054800510406,27.607905900105834,28.091510799713433,28.091510799713433,28.100466799922287,28.383471000008285,28.416500699706376,right,-8.5,0,0,0.3177362000569701,310387,001,2026-10-03_23h26.52.674,adaptive_staircase1,,2026.2.4,120.12286131153775,2026-10-03 23h26.52.704802 +0530,
29,0.5,9.0,28.425008799880743,,,28.416760199703276,28.425008799880743,28.90818119980395,28.90818119980395,28.91605359967798,29.202516799792647,29.20307239983231,right,-9.0,1,1,0.2915778001770377,310387,001,2026-10-03_23h26.52.674,adaptive_staircase1,,2026.2.4,120.12286131153775,2026-10-03 23h26.52.704802 +0530,
30,0.5,9.0,29.215827899985015,,,29.203342500142753,29.215827899985015,29.699459900148213,29.699459900148213,29.708174199797213,29.991566199809313,30.183672700077295,right,-9.0,0,0,0.4798405999317765,310387,001,2026-10-03_23h26.52.674,adaptive_staircase1,,2026.2.4,120.12286131153775,2026-10-03 23h26.52.704802 +0530,
31,0.5,9.5,30.19158670026809,,,30.183966000564396,30.19158670026809,30.674829700030386,30.674829700030386,30.682457400485873,30.9671382997185,31.05779130011797,right,-9.5,0,0,0.3787801004946232,310387,001,2026-10-03_23h26.52.674,adaptive_staircase1,,2026.2.4,120.12286131153775,2026-10-03 23h26.52.704802 +0530,
32,0.5,10.0,31.06637790054083,,,31.05806630011648,31.06637790054083,31.549952100031078,31.549952100031078,31.558669599704444,31.842373800463974,31.957631399855018,right,10.0,1,1,0.3947318997234106,310387,001,2026-10-03_23h26.52.674,adaptive_staircase1,,2026.2.4,120.12286131153775,2026-10-03 23h26.52.704802 +0530,
33,0.5,10.0,31.96636150032282,,,31.957975099794567,31.96636150032282,32.449788900092244,32.449788900092244,32.458394600078464,,32.72451770026237,right,-10.0,0,0,0.26993640046566725,310387,001,2026-10-03_23h26.52.674,adaptive_staircase1,,2026.2.4,120.12286131153775,2026-10-03 23h26.52.704802 +0530,
34,0.5,10.5,32.73266460001469,,,32.724763199687004,32.73266460001469,33.215972600504756,33.215972600504756,33.22504150029272,33.50916269980371,33.62522860057652,right,-10.5,0,0,0.40279760025441647,310387,001,2026-10-03_23h26.52.674,adaptive_staircase1,,2026.2.4,120.12286131153775,2026-10-03 23h26.52.704802 +0530,
35,0.5,11.0,33.633410800248384,,,33.625543899834156,33.633410800248384,34.116216300055385,34.116216300055385,34.124824199825525,34.40862060058862,34.50078560039401,right,-11.0,0,0,0.38111110031604767,310387,001,2026-10-03_23h26.52.674,adaptive_staircase1,,2026.2.4,120.12286131153775,2026-10-03 23h26.52.704802 +0530,
36,0.5,11.5,34.50761890038848,,,34.50106040015817,34.50761890038848,34.99928539991379,34.99928539991379,34.99928539991379,35.290163599886,35.30821940023452,right,-11.5,0,0,0.3042932003736496,310387,001,2026-10-03_23h26.52.674,adaptive_staircase1,,2026.2.4,120.12286131153775,2026-10-03 23h26.52.704802 +0530,
37,0.5,12.0,35.31617289967835,,,35.30844780057669,35.31617289967835,35.79984010010958,35.79984010010958,35.80857090000063,36.09143180027604,36.157003900036216,right,12.0,0,0,0.3547806004062295,310387,001,2026-10-03_23h26.52.674,adaptive_staircase1,,2026.2.4,120.12286131153775,2026-10-03 23h26.52.704802 +0530,
38,0.5,12.5,36.164941700175405,,,36.157168900594115,36.164941700175405,36.648765300400555,36.648765300400555,36.656689800322056,36.94051679968834,37.17770650051534,right,-12.5,0,0,0.5254600001499057,310387,001,2026-10-03_23h26.52.674,adaptive_staircase1,,2026.2.4,120.12286131153775,2026-10-03 23h26.52.704802 +0530,
39,0.5,13.0,37.189011899754405,,,37.17799959983677,37.189011899754405,37.67425900045782,37.67425900045782,37.68359970021993,37.96670380048454,38.141572900116444,right,-13.0,0,0,0.45990579947829247,310387,001,2026-10-03_23h26.52.674,adaptive_staircase1,,2026.2.4,120.12286131153775,2026-10-03 23h26.52.704802 +0530,
40,0.5,13.5,38.14926370047033,,,38.14182549994439,38.14926370047033,38.632885600440204,38.632885600440204,38.641903299838305,38.925197100266814,38.953502899967134,right,-13.5,0,0,0.317815899848938,310387,001,2026-10-03_23h26.52.674,adaptive_staircase1,,2026.2.4,120.12286131153775,2026-10-03 23h26.52.704802 +0530,
41,0.5,14.0,38.96488349977881,,,38.95378999970853,38.96488349977881,39.449555000290275,39.449555000290275,39.45788330025971,39.7422898998484,39.834128400310874,right,-14.0,0,0,0.38068370055407286,310387,001,2026-10-03_23h26.52.674,adaptive_staircase1,,2026.2.4,120.12286131153775,2026-10-03 23h26.52.704802 +0530,
42,0.5,14.5,39.84046360012144,,,39.834424200467765,39.84046360012144,40.32481430005282,40.32481430005282,40.33316650055349,40.61644859984517,40.76709519978613,right,14.5,1,1,0.4381919000297785,310387,001,2026-10-03_23h26.52.674,adaptive_staircase1,,2026.2.4,120.12286131153775,2026-10-03 23h26.52.704802 +0530,
43,0.5,14.5,40.774115700274706,,,40.76736530009657,40.774115700274706,41.25816680025309,41.25816680025309,41.26630999986082,,41.52624149993062,right,-14.5,0,0,0.267060499638319,310387,001,2026-10-03_23h26.52.674,adaptive_staircase1,,2026.2.4,120.12286131153775,2026-10-03 23h26.52.704802 +0530,
44,0.5,15.0,41.540287599898875,,,41.526598900556564,41.540287599898875,42.02415440045297,42.02415440045297,42.03278699982911,42.31681150011718,42.365493199788034,right,15.0,1,1,0.3283110996708274,310387,001,2026-10-03_23h26.52.674,adaptive_staircase1,,2026.2.4,120.12286131153775,2026-10-03 23h26.52.704802 +0530,
45,0.5,15.0,42.374881899915636,,,42.365870299749076,42.374881899915636,42.85801049973816,42.85801049973816,42.867943899706006,43.14861289970577,43.14905150048435,right,-15.0,0,0,0.2837926000356674,310387,001,2026-10-03_23h26.52.674,adaptive_staircase1,,2026.2.4,120.12286131153775,2026-10-03 23h26.52.704802 +0530,
46,0.5,15.5,43.1578483004123,,,43.149282400496304,43.1578483004123,43.64098529983312,43.64098529983312,43.64994050003588,43.933519000187516,43.96523969992995,right,15.5,1,1,0.31688049994409084,310387,001,2026-10-03_23h26.52.674,adaptive_staircase1,,2026.2.4,120.12286131153775,2026-10-03 23h26.52.704802 +0530,
47,0.5,15.5,43.97379310056567,,,43.965422600507736,43.97379310056567,44.457933500409126,44.457933500409126,44.46608959976584,44.74906350020319,44.75828179996461,right,-15.5,0,0,0.2966087004169822,310387,001,2026-10-03_23h26.52.674,adaptive_staircase1,,2026.2.4,120.12286131153775,2026-10-03 23h26.52.704802 +0530,
48,0.5,16.0,44.765503000468016,,,44.75855659972876,44.765503000468016,45.256399700418115,45.256399700418115,45.256399700418115,45.54919150006026,45.60871130041778,right,-16.0,0,0,0.3490693001076579,310387,001,2026-10-03_23h26.52.674,adaptive_staircase1,,2026.2.4,120.12286131153775,2026-10-03 23h26.52.704802 +0530,
49,0.5,16.5,45.61542250029743,,,45.60901820007712,45.61542250029743,46.107230899855494,46.107230899855494,46.107230899855494,46.398591100238264,46.45830920059234,right,-16.5,0,0,0.34626560006290674,310387,001,2026-10-03_23h26.52.674,adaptive_staircase1,,2026.2.4,120.12286131153775,2026-10-03 23h26.52.704802 +0530,
50,0.5,17.0,46.4655395001173,,,46.45860300026834,46.4655395001173,46.950811699964106,46.950811699964106,46.957315700128675,47.24926630035043,47.45218550041318,right,17.0,1,1,0.4982122993096709,310387,001,2026-10-03_23h26.52.674,adaptive_staircase1,,2026.2.4,120.12286131153775,2026-10-03 23h26.52.704802 +0530,
51,0.5,17.0,47.464152599684894,,,47.452418100088835,47.464152599684894,47.949138100259006,47.949138100259006,47.95808820053935,,48.224449099972844,right,17.0,0,0,0.27135160006582737,310387,001,2026-10-03_23h26.52.674,adaptive_staircase1,,2026.2.4,120.12286131153775,2026-10-03 23h26.52.704802 +0530,
52,0.5,17.5,48.23160280007869,,,48.22470030002296,48.23160280007869,48.71541760023683,48.71541760023683,48.72429080028087,49.00673499982804,49.16415179986507,right,17.5,1,1,0.44203570019453764,310387,001,2026-10-03_23h26.52.674,adaptive_staircase1,,2026.2.4,120.12286131153775,2026-10-03 23h26.52.704802 +0530,
53,0.5,17.5,49.173042099922895,,,49.164384599775076,49.173042099922895,49.65715350024402,49.65715350024402,49.665627900511026,49.949006100185215,50.03185660019517,right,-17.5,0,0,0.36943989992141724,310387,001,2026-10-03_23h26.52.674,adaptive_staircase1,,2026.2.4,120.12286131153775,2026-10-03 23h26.52.704802 +0530,
54,0.5,18.0,50.040066099725664,,,50.03207660000771,50.040066099725664,50.524081700481474,50.524081700481474,50.53314989991486,50.81669189967215,50.828338799998164,right,18.0,1,1,0.300573100335896,310387,001,2026-10-03_23h26.52.674,adaptive_staircase1,,2026.2.4,120.12286131153775,2026-10-03 23h26.52.704802 +0530,
55,0.5,18.0,50.839743699878454,,,50.8286084998399,50.839743699878454,51.324321599677205,51.324321599677205,51.332910500466824,51.61614640057087,51.71592430025339,right,18.0,1,1,0.38657640013843775,310387,001,2026-10-03_23h26.52.674,adaptive_staircase1,,2026.2.4,120.12286131153775,2026-10-03 23h26.52.704802 +0530,
56,0.5,18.0,51.724006599746644,,,51.71617029979825,51.724006599746644,52.20709879975766,52.20709879975766,52.216387200169265,52.49963670037687,52.55062399990857,right,-18.0,0,0,0.34041150007396936,310387,001,2026-10-03_23h26.52.674,adaptive_staircase1,,2026.2.4,120.12286131153775,2026-10-03 23h26.52.704802 +0530,
57,0.5,18.5,52.55716300010681,,,52.5509592005983,52.55716300010681,53.048825800418854,53.048825800418854,53.048825800418854,53.34835230000317,53.44182249996811,right,-18.5,0,0,0.392149499617517,310387,001,2026-10-03_23h26.52.674,adaptive_staircase1,,2026.2.4,120.12286131153775,2026-10-03 23h26.52.704802 +0530,
58,0.5,19.0,53.44954920001328,,,53.442088400013745,53.44954920001328,53.93207040056586,53.93207040056586,53.94083559978753,54.22475910000503,54.308139299973845,right,-19.0,0,0,0.3695195000618696,310387,001,2026-10-03_23h26.52.674,adaptive_staircase1,,2026.2.4,120.12286131153775,2026-10-03 23h26.52.704802 +0530,
59,0.5,19.5,54.3157689999789,,,54.308421100489795,54.3157689999789,54.79929540026933,54.79929540026933,54.80720950011164,55.09153930004686,55.1411506999284,right,19.5,0,0,0.33818210009485483,310387,001,2026-10-03_23h26.52.674,adaptive_staircase1,,2026.2.4,120.12286131153775,2026-10-03 23h26.52.704802 +0530,
60,0.5,20.0,55.14888610038906,,,55.1414131000638,55.14888610038906,55.63305480033159,55.63305480033159,55.64054000005126,55.924724199809134,56.11563250049949,right,20.0,1,1,0.47796519938856363,310387,001,2026-10-03_23h26.52.674,adaptive_staircase1,,2026.2.4,120.12286131153775,2026-10-03 23h26.52.704802 +0530,
61,0.5,20.0,56.12370499968529,,,56.11590890027583,56.12370499968529,56.607262699864805,56.607262699864805,56.61591980047524,56.89927859976888,56.949169400148094,right,20.0,1,1,0.3381400993093848,310387,001,2026-10-03_23h26.52.674,adaptive_staircase1,,2026.2.4,120.12286131153775,2026-10-03 23h26.52.704802 +0530,
62,0.5,20.0,56.95668989978731,,,56.94941290002316,56.95668989978731,57.44119739998132,57.44119739998132,57.44926350004971,57.732384900562465,57.84303569979966,right,-20.0,0,0,0.40040599927306175,310387,001,2026-10-03_23h26.52.674,adaptive_staircase1,,2026.2.4,120.12286131153775,2026-10-03 23h26.52.704802 +0530,
63,0.5,20,57.848038899712265,,,57.843286000192165,57.848038899712265,58.340619100257754,58.340619100257754,58.340619100257754,58.63299520034343,58.725089999847114,right,-20,0,0,0.37883100006729364,310387,001,2026-10-03_23h26.52.674,adaptive_staircase1,,2026.2.4,120.12286131153775,2026-10-03 23h26.52.704802 +0530,
64,0.5,20,58.73161990009248,,,58.7253398001194,58.73161990009248,59.216396200470626,59.216396200470626,59.22437779977918,59.50766090024263,59.550324000418186,right,20,1,1,0.3306165998801589,310387,001,2026-10-03_23h26.52.674,adaptive_staircase1,,2026.2.4,120.12286131153775,2026-10-03 23h26.52.704802 +0530,
65,0.5,20,59.55675830040127,,,59.550573100335896,59.55675830040127,60.04039500001818,60.04039500001818,60.04987050034106,60.332927900366485,60.40982769988477,right,20,1,1,0.3669546991586685,310387,001,2026-10-03_23h26.52.674,adaptive_staircase1,,2026.2.4,120.12286131153775,2026-10-03 23h26.52.704802 +0530,
66,0.5,20,60.4230032004416,,,60.410082899965346,60.4230032004416,60.90710960049182,60.90710960049182,60.915978900156915,61.198779500089586,61.2753308005631,right,20,1,1,0.3601740002632141,310387,001,2026-10-03_23h26.52.674,adaptive_staircase1,,2026.2.4,120.12286131153775,2026-10-03 23h26.52.704802 +0530,
67,0.5,19.5,61.28214970044792,,,61.2756104003638,61.28214970044792,61.77432950027287,61.77432950027287,61.77432950027287,62.0663740998134,62.152309000492096,right,19.5,1,1,0.3757156999781728,310387,001,2026-10-03_23h26.52.674,adaptive_staircase1,,2026.2.4,120.12286131153775,2026-10-03 23h26.52.704802 +0530,
68,0.5,19.5,62.164148200303316,,,62.152526300400496,62.164148200303316,62.64911719970405,62.64911719970405,62.65739439986646,62.94019290059805,62.95736290048808,right,19.5,1,1,0.3028413997963071,310387,001,2026-10-03_23h26.52.674,adaptive_staircase1,,2026.2.4,120.12286131153775,2026-10-03 23h26.52.704802 +0530,
69,0.5,19.5,62.96496480051428,,,62.95759509969503,62.96496480051428,63.44885839987546,63.44885839987546,63.45710030011833,63.74085190054029,63.77461890038103,right,19.5,1,1,0.3232136005535722,310387,001,2026-10-03_23h26.52.674,adaptive_staircase1,,2026.2.4,120.12286131153775,2026-10-03 23h26.52.704802 +0530,
70,0.5,19.0,63.782054600305855,,,63.77493080031127,63.782054600305855,64.26525820046663,64.26525820046663,64.27480589970946,64.5579284997657,64.58224380016327,right,19.0,1,1,0.3128575999289751,310387,001,2026-10-03_23h26.52.674,adaptive_staircase1,,2026.2.4,120.12286131153775,2026-10-03 23h26.52.704802 +0530,
71,0.5,19.0,64.59055760037154,,,64.58248519990593,64.59055760037154,65.07381230033934,65.07381230033934,65.08280740026385,65.36618490051478,65.41239080019295,right,19.0,1,1,0.3350935000926256,310387,001,2026-10-03_23h26.52.674,adaptive_staircase1,,2026.2.4,120.12286131153775,2026-10-03 23h26.52.704802 +0530,
72,0.5,19.0,65.42442910000682,,,65.41262819990516,65.42442910000682,65.90699569974095,65.90699569974095,65.91581279970706,66.19935220014304,66.27405230049044,right,-19.0,0,0,0.36154039949178696,310387,001,2026-10-03_23h26.52.674,adaptive_staircase1,,2026.2.4,120.12286131153775,2026-10-03 23h26.52.704802 +0530,
73,0.5,19.5,66.28173650056124,,,66.27434080000967,66.28173650056124,66.76570519991219,66.76570519991219,66.77411310002208,67.0574182998389,67.10645559988916,right,-19.5,0,0,0.3369666999205947,310387,001,2026-10-03_23h26.52.674,adaptive_staircase1,,2026.2.4,120.12286131153775,2026-10-03 23h26.52.704802 +0530,
74,0.5,20.0,67.1155858002603,,,67.10680430009961,67.1155858002603,67.59881220012903,67.59881220012903,67.60754980053753,67.89061489980668,68.03261070046574,right,20.0,1,1,0.4273830996826291,310387,001,2026-10-03_23h26.52.674,adaptive_staircase1,,2026.2.4,120.12286131153775,2026-10-03 23h26.52.704802 +0530,
75,0.5,20.0,68.04017660021782,,,68.03292880021036,68.04017660021782,68.52381139993668,68.52381139993668,68.53338050004095,68.81574220024049,68.8240545000881,right,-20.0,0,0,0.2939099995419383,310387,001,2026-10-03_23h26.52.674,adaptive_staircase1,,2026.2.4,120.12286131153775,2026-10-03 23h26.52.704802 +0530,
76,0.5,20,68.8319806996733,,,68.82434820011258,68.8319806996733,69.31529850047082,69.31529850047082,69.32345000002533,69.61492710001767,69.64153449982405,right,-20,0,0,0.3174628997221589,310387,001,2026-10-03_23h26.52.674,adaptive_staircase1,,2026.2.4,120.12286131153775,2026-10-03 23h26.52.704802 +0530,
77,0.5,20,69.6483209002763,,,69.6420240001753,69.6483209002763,70.13217630051076,70.13217630051076,70.14048240054399,70.42477670032531,70.51617650035769,right,20,1,1,0.3790149996057153,310387,001,2026-10-03_23h26.52.674,adaptive_staircase1,,2026.2.4,120.12286131153775,2026-10-03 23h26.52.704802 +0530,
78,0.5,20,70.52389890048653,,,70.51643760036677,70.52389890048653,71.00732260011137,71.00732260011137,71.01604350004345,71.2989296996966,71.48255950026214,right,-20,0,0,0.46671999990940094,310387,001,2026-10-03_23h26.52.674,adaptive_staircase1,,2026.2.4,120.12286131153775,2026-10-03 23h26.52.704802 +0530,
79,0.5,20,71.49041870050132,,,71.48290059994906,71.49041870050132,71.97363390028477,71.97363390028477,71.98259800020605,72.26526630017906,72.26596140023321,right,-20,1,1,0.2853256994858384,310387,001,2026-10-03_23h26.52.674,adaptive_staircase1,,2026.2.4,120.12286131153775,2026-10-03 23h26.52.704802 +0530,
80,0.5,20,72.27386050019413,,,72.26623119972646,72.27386050019413,72.75750180054456,72.75750180054456,72.76548870000988,73.04900790005922,73.21543060056865,right,-20,0,0,0.45387160032987595,310387,001,2026-10-03_23h26.52.674,adaptive_staircase1,,2026.2.4,120.12286131153775,2026-10-03 23h26.52.704802 +0530,
81,0.5,20,73.22307489998639,,,73.21569180022925,73.22307489998639,73.70706870034337,73.70706870034337,73.71530889999121,73.99868780001998,74.40813160035759,right,-20,0,0,0.6923781996592879,310387,001,2026-10-03_23h26.52.674,adaptive_staircase1,,2026.2.4,120.12286131153775,2026-10-03 23h26.52.704802 +0530,
82,0.5,20,74.41523130051792,,,74.40874829981476,74.41523130051792,74.90740150026977,74.90740150026977,74.90740150026977,75.19841620046645,75.39134470000863,right,20,1,1,0.47952720057219267,310387,001,2026-10-03_23h26.52.674,adaptive_staircase1,,2026.2.4,120.12286131153775,2026-10-03 23h26.52.704802 +0530,
83,0.5,20,75.398676100187,,,75.39164870046079,75.398676100187,75.89018360059708,75.89018360059708,75.89018360059708,76.18092240020633,76.18154860008508,right,-20,0,0,0.2866821000352502,310387,001,2026-10-03_23h26.52.674,adaptive_staircase1,,2026.2.4,120.12286131153775,2026-10-03 23h26.52.704802 +0530,
84,0.5,20,76.18994960002601,,,76.18178050033748,76.18994960002601,76.67289840057492,76.67289840057492,76.6816255999729,76.96516470052302,77.00146479997784,right,-20,0,0,0.3257036004215479,310387,001,2026-10-03_23h26.52.674,adaptive_staircase1,,2026.2.4,120.12286131153775,2026-10-03 23h26.52.704802 +0530,
85,0.5,20,77.0140233002603,,,77.00174780003726,77.0140233002603,77.49875409994274,77.49875409994274,77.50660310033709,77.79126650001854,77.85082480031997,right,-20,0,0,0.348305799998343,310387,001,2026-10-03_23h26.52.674,adaptive_staircase1,,2026.2.4,120.12286131153775,2026-10-03 23h26.52.704802 +0530,
86,0.5,20,77.8635637005791,,,77.85108810011297,77.8635637005791,78.34816600009799,78.34816600009799,78.35727010015398,78.64016429986805,78.68486819975078,right,20,1,1,0.3334307000041008,310387,001,2026-10-03_23h26.52.674,adaptive_staircase1,,2026.2.4,120.12286131153775,2026-10-03 23h26.52.704802 +0530,
87,0.5,20,78.69721970055252,,,78.68510629981756,78.69721970055252,79.1815315997228,79.1815315997228,79.19077270012349,79.47395970020443,79.57333059981465,right,20,1,1,0.386854600161314,310387,001,2026-10-03_23h26.52.674,adaptive_staircase1,,2026.2.4,120.12286131153775,2026-10-03 23h26.52.704802 +0530,
88,0.5,20,79.58151509985328,,,79.57357390038669,79.58151509985328,80.06523449998349,80.06523449998349,80.07406419981271,80.36416060011834,80.41477590054274,right,-20,0,0,0.3429142003878951,310387,001,2026-10-03_23h26.52.674,adaptive_staircase1,,2026.2.4,120.12286131153775,2026-10-03 23h26.52.704802 +0530,
89,0.5,20,80.42257370054722,,,80.41498239990324,80.42257370054722,80.90701290033758,80.90701290033758,80.91551959980279,81.1984398001805,81.356281099841,right,-20,0,0,0.4354272000491619,310387,001,2026-10-03_23h26.52.674,adaptive_staircase1,,2026.2.4,120.12286131153775,2026-10-03 23h26.52.704802 +0530,
90,0.5,20,81.365493000485,,,81.35658709984273,81.365493000485,81.84831489995122,81.84831489995122,81.85663720034063,82.14055630005896,82.26563020050526,right,-20,0,0,0.4115097997710109,310387,001,2026-10-03_23h26.52.674,adaptive_staircase1,,2026.2.4,120.12286131153775,2026-10-03 23h26.52.704802 +0530,
91,0.5,20,82.27349940035492,,,82.26588140055537,82.27349940035492,82.75623940024525,82.75623940024525,82.76522450055927,83.04873730055988,83.09397360030562,right,20,1,1,0.33374430052936077,310387,001,2026-10-03_23h26.52.674,adaptive_staircase1,,2026.2.4,120.12286131153775,2026-10-03 23h26.52.704802 +0530,
92,0.5,20,83.10549960006028,,,83.09425820037723,83.10549960006028,83.58971109986305,83.58971109986305,83.59878769982606,83.88174120057374,83.99011910054833,right,20,1,1,0.39515169989317656,310387,001,2026-10-03_23h26.52.674,adaptive_staircase1,,2026.2.4,120.12286131153775,2026-10-03 23h26.52.704802 +0530,
93,0.5,20,83.998282100074,,,83.99040160048753,83.998282100074,84.48152699973434,84.48152699973434,84.48977479990572,84.77359199989587,84.88255850039423,right,-20,0,0,0.3976660994812846,310387,001,2026-10-03_23h26.52.674,adaptive_staircase1,,2026.2.4,120.12286131153775,2026-10-03 23h26.52.704802 +0530,
94,0.5,20,84.89027460012585,,,84.88286270014942,84.89027460012585,85.37377510033548,85.37377510033548,85.38144929986447,,85.64348260033876,right,20,1,1,0.26746790017932653,310387,001,2026-10-03_23h26.52.674,adaptive_staircase1,,2026.2.4,120.12286131153775,2026-10-03 23h26.52.704802 +0530,
95,0.5,20,85.65518879983574,,,85.64374260045588,85.65518879983574,86.14060460031033,86.14060460031033,86.14850169979036,86.44699910003692,86.43384660035372,right,-20,0,0,0.29005829989910126,310387,001,2026-10-03_23h26.52.674,adaptive_staircase1,,2026.2.4,120.12286131153775,2026-10-03 23h26.52.704802 +0530,
96,0.5,20,86.44699910003692,,,86.43413509987295,86.44699910003692,86.94072640035301,86.94072640035301,86.94072640035301,87.23908250033855,87.22688989993185,right,20,1,1,0.28205679915845394,310387,001,2026-10-03_23h26.52.674,adaptive_staircase1,,2026.2.4,120.12286131153775,2026-10-03 23h26.52.704802 +0530,
97,0.5,20,87.23908250033855,,,87.22719859983772,87.23908250033855,87.7231697998941,87.7231697998941,87.73178429994732,88.0154135003686,88.02476970013231,right,-20,1,1,0.2975906999781728,310387,001,2026-10-03_23h26.52.674,adaptive_staircase1,,2026.2.4,120.12286131153775,2026-10-03 23h26.52.704802 +0530,
98,0.5,20,88.03156550042331,,,88.02513130009174,88.03156550042331,88.52320689987391,88.52320689987391,88.52320689987391,88.8156754001975,89.00060379970819,right,20,1,1,0.4737956998869777,310387,001,2026-10-03_23h26.52.674,adaptive_staircase1,,2026.2.4,120.12286131153775,2026-10-03 23h26.52.704802 +0530,
99,0.5,19.5,89.01417530048639,,,89.00097140017897,89.01417530048639,89.4986243005842,89.4986243005842,89.50660200044513,89.79037730023265,89.81517430022359,right,19.5,0,0,0.3122885003685951,310387,001,2026-10-03_23h26.52.674,adaptive_staircase1,,2026.2.4,120.12286131153775,2026-10-03 23h26.52.704802 +0530,
